,events,odds
0,UFC Fight Night: Grasso vs. Shevchenko 2,UFC 159 - Jones vs. Sonnen
1,UFC 293: Adesanya vs. Strickland,UFC on FX 8 - Belfort vs. Rockhold
2,UFC Fight Night: Gane vs. Spivac,UFC 160 - Velasquez vs. Bigfoot 2
3,UFC Fight Night: Holloway vs. The Korean Zombie,UFC on Fox 8 - Johnson vs. Moraga
4,UFC 292: Sterling vs. O'Malley,UFC 163 - Aldo vs. Korean Zombie
5,UFC Fight Night: Luque vs. Dos Anjos,UFC Fight Night 26 - Shogun vs. Sonnen
6,UFC Fight Night: Sandhagen vs. Font,UFC 167 - St. Pierre vs. Hendricks
7,UFC 291: Poirier vs. Gaethje 2,UFC - The Ultimate Fighter 18 Finale
8,UFC Fight Night: Aspinall vs. Tybura,UFC Fight Night 33 - Hunt vs. Bigfoot
9,UFC Fight Night: Holm vs. Bueno Silva,UFC 168 - Weidman vs. Silva 2
10,UFC 290: Volkanovski vs. Rodriguez,UFC Fight Night 34 - Saffiedine vs. Lim
11,UFC Fight Night: Strickland vs. Magomedov,UFC Fight Night 35 - Rockhold vs. Philippou
12,UFC Fight Night: Emmett vs. Topuria,UFC on Fox 10 - Henderson vs. Thomson
13,UFC Fight Night: Vettori vs. Cannonier,UFC 169 - Barao vs. Faber 2
14,UFC 289: Nunes vs. Aldana,UFC Fight Night 36 - Machida vs. Mousasi
15,UFC Fight Night: Kara-France vs. Albazi,UFC Fight Night 38 - Shogun vs. Henderson 2
16,UFC Fight Night: Dern vs. Hill,UFC - The Ultimate Fighter Nations Finale
17,UFC Fight Night: Rozenstruik vs. Almeida,UFC on Fox 11 - Werdum vs. Browne
18,UFC 288: Sterling vs. Cejudo,UFC 172 - Jones vs. Teixeira
19,UFC Fight Night: Song vs. Simon,UFC Fight Night 40 - Brown vs. Silva
20,UFC Fight Night: Pavlovich vs. Blaydes,UFC Fight Night 42 - Henderson vs. Khabilov
21,UFC Fight Night: Holloway vs. Allen,UFC 174 - Johnson vs. Bagautinov
22,UFC 287: Pereira vs. Adesanya 2,UFC Fight Night 44 - Swanson vs. Stephens
23,UFC Fight Night: Vera vs. Sandhagen,UFC Fight Night 46 - McGregor vs. Brandao
24,UFC 286: Edwards vs. Usman 3,UFC on Fox 12 - Lawler vs. Brown
25,UFC Fight Night: Yan vs. Dvalishvili,UFC Fight Night 48 - Bisping vs. Le
26,UFC 285: Jones vs. Gane,UFC 177 - Dillashaw vs. Soto
27,UFC Fight Night: Muniz vs. Allen,UFC Fight Night 51 - Bigfoot vs. Arlovski 2
28,UFC Fight Night: Andrade vs. Blanchfield,UFC Fight Night 52 - Hunt vs. Nelson
29,UFC 284: Makhachev vs. Volkanovski,UFC 178 - Johnson vs. Cariaso
30,UFC Fight Night: Lewis vs. Spivac,UFC Fight Night 53 - Nelson vs. Story
31,UFC 283: Teixeira vs. Hill,UFC Fight Night - Rockhold vs. Bisping
32,UFC Fight Night: Strickland vs. Imavov,UFC Fight Night - Shogun vs. St. Preux
33,UFC Fight Night: Cannonier vs. Strickland,UFC 180 - Werdum vs. Hunt
34,UFC 282: Blachowicz vs. Ankalaev,UFC Fight Night - Edgar vs. Swanson
35,UFC Fight Night: Thompson vs. Holland,UFC 181 - Hendricks vs. Lawler 2
36,UFC Fight Night: Nzechukwu vs. Cutelaba,UFC - The Ultimate Fighter 20 Finale
37,UFC 281: Adesanya vs. Pereira,UFC on Fox 13 - Dos Santos vs. Miocic
38,UFC Fight Night: Rodriguez vs. Lemos,UFC Fight Night - Machida vs. Dollaway
39,UFC Fight Night: Kattar vs. Allen,UFC 182 - Jones vs. Cormier
40,UFC 280: Oliveira vs. Makhachev,UFC Fight Night - McGregor vs. Siver
41,UFC Fight Night: Grasso vs. Araujo,UFC on Fox 14 - Gustafsson vs. Johnson
42,UFC Fight Night: Dern vs. Yan,UFC 183 - Silva vs. Diaz
43,UFC Fight Night: Sandhagen vs. Song,UFC Fight Night - Henderson vs Thatch
44,UFC 279: Diaz vs. Ferguson,UFC Fight Night - Mir vs. Bigfoot
45,UFC Fight Night: Gane vs. Tuivasa,UFC 184 - Rousey vs. Zingano
46,UFC 278: Usman vs. Edwards,UFC 185 - Pettis vs. Dos Anjos
47,UFC Fight Night: Vera vs. Cruz,UFC Fight Night - Maia vs. LaFlare
48,UFC Fight Night: Santos vs. Hill,UFC Fight Night - Mendes vs. Lamas
49,UFC 277: Pena vs. Nunes 2,UFC Fight Night - Gonzaga vs. Cro Cop 2
50,UFC Fight Night: Blaydes vs. Aspinall,UFC on Fox 15 - Rockhold vs. Machida
51,UFC Fight Night: Ortega vs. Rodriguez,UFC 186 - Johnson vs. Horiguchi
52,UFC Fight Night: Dos Anjos vs. Fiziev,UFC Fight Night - Hunt vs. Miocic
53,UFC 276: Adesanya vs. Cannonier,UFC Fight Night - Edgar vs. Faber
54,UFC Fight Night: Tsarukyan vs. Gamrot,UFC 187 - Cormier vs. Johnson
55,UFC Fight Night: Kattar vs. Emmett,UFC Fight Night - Condit vs. Alves
56,UFC 275: Teixeira vs. Prochazka,UFC Fight Night - Boetsch vs. Henderson
57,UFC Fight Night: Volkov vs. Rozenstruik,UFC 188 - Velasquez vs. Werdum
58,UFC Fight Night: Holm vs. Vieira,UFC Fight Night - Jedrzejczyk vs. Penne
59,UFC Fight Night: Blachowicz vs. Rakic,UFC Fight Night - Machida vs. Romero
60,UFC 274: Oliveira vs. Gaethje,UFC 189 - McGregor vs. Mendes
61,UFC Fight Night: Font vs. Vera,UFC - The Ultimate Fighter 21 Finale
62,UFC Fight Night: Lemos vs. Andrade,UFC Fight Night - Mir vs. Duffee
63,UFC Fight Night: Luque vs. Muhammad,UFC Fight Night - Bisping vs. Leites
64,UFC 273: Volkanovski vs. The Korean Zombie,UFC on Fox 16 - Dillashaw vs. Barao 2
65,UFC Fight Night: Blaydes vs. Daukaus,UFC 190 - Rousey vs. Correia
66,UFC Fight Night: Volkov vs. Aspinall,UFC Fight Night - St. Preux vs. Teixeira
67,UFC Fight Night: Santos vs. Ankalaev,UFC Fight Night 74 - Holloway vs. Oliveira
68,UFC 272: Covington vs. Masvidal,UFC 191 - Johnson vs. Dodson 2
69,UFC Fight Night: Makhachev vs. Green,UFC Fight Night - Barnett vs. Nelson
70,UFC Fight Night: Walker vs. Hill,UFC 192 - Cormier vs. Gustafsson
71,UFC 271: Adesanya vs. Whittaker 2,UFC Fight Night 76 - Holohan vs. Smolka
72,UFC Fight Night: Hermansson vs. Strickland,UFC Fight Night 77: Belfort vs. Henderson 3
73,UFC 270: Ngannou vs. Gane,UFC 193 - Rousey vs. Holm
74,UFC Fight Night: Kattar vs. Chikadze,UFC Fight Night 78 - Magny vs. Gastelum
75,UFC Fight Night: Lewis vs. Daukaus,UFC Fight Night 79 - Henderson vs. Masvidal
76,UFC 269: Oliveira vs. Poirier,UFC Fight Night - VanZant vs Namajunas
77,UFC Fight Night: Font vs. Aldo,UFC - The Ultimate Fighter 22 Finale
78,UFC Fight Night: Vieira vs. Tate,UFC 194 - Aldo vs. McGregor
79,UFC Fight Night: Holloway vs. Rodriguez,UFC on Fox 17 - Dos Anjos vs. Cerrone 2
80,UFC 268: Usman vs. Covington 2,UFC 195 - Lawler vs Condit
81,UFC 267: Blachowicz vs. Teixeira,UFC Fight Night - Dillashaw vs. Cruz
82,UFC Fight Night: Costa vs. Vettori,UFC on Fox 18 - Johnson vs. Bader
83,UFC Fight Night: Ladd vs. Dumont,UFC Fight Night 82 - Hendricks vs. Thompson
84,UFC Fight Night: Dern vs. Rodriguez,UFC Fight Night 82 - Cerrone vs. Oliveira
85,UFC Fight Night: Santos vs. Walker,UFC Fight Night 84 - Silva vs. Bisping
86,UFC 266: Volkanovski vs. Ortega,UFC 196 - McGregor vs. Diaz
87,UFC Fight Night: Smith vs. Spann,UFC Fight Night 84 - Hunt vs. Mir
88,UFC Fight Night: Brunson vs. Till,UFC Fight Night 86 - Zagreb
89,UFC Fight Night: Barboza vs. Chikadze,UFC on Fox 19 - Teixeira vs. Evans
90,UFC Fight Night: Cannonier vs. Gastelum,UFC 197 - Jones vs. St Preux
91,UFC 265: Lewis vs. Gane,UFC Fight Night - Overeem vs. Arlovski
92,UFC Fight Night: Hall vs. Strickland,UFC 198 - Werdum vs. Miocic
93,UFC Fight Night: Sandhagen vs. Dillashaw,UFC Fight Night - Almeida vs. Garbrandt
94,UFC Fight Night: Makhachev vs. Moises,UFC 199 - Rockhold vs Bisping 2
95,UFC 264: Poirier vs. McGregor 3,UFC Fight Night - MacDonald vs. Thompson
96,UFC Fight Night: Gane vs. Volkov,UFC Fight Night - Dos Anjos vs. Alvarez
97,UFC Fight Night: Jung vs. Ige,UFC - The Ultimate Fighter 23 Finale
98,UFC 263: Adesanya vs. Vettori 2,UFC 200 - Tate vs. Nunes
99,UFC Fight Night: Rozenstruik vs. Sakai,UFC Fight Night 91 - McDonald vs. Lineker
100,UFC Fight Night: Font vs. Garbrandt,UFC on Fox 20 - Holm vs. Shevchenko
101,UFC 262: Oliveira vs. Chandler,UFC 201 - Lawler vs. Woodley
102,UFC Fight Night: Rodriguez vs. Waterson,UFC Fight Night 92 - Rodriguez vs. Caceres
103,UFC Fight Night: Reyes vs. Prochazka,UFC 202 - Diaz vs. McGregor 2 
104,UFC 261: Usman vs. Masvidal 2,UFC on Fox 21 - Condit vs. Maia
105,UFC Fight Night: Whittaker vs. Gastelum,UFC Fight Night - Arlovski vs. Barnett
106,UFC Fight Night: Vettori vs. Holland,UFC 203 - Miocic vs. Overeem
107,UFC 260: Miocic vs. Ngannou,UFC Fight Night 94 - Poirier vs. Johnson
108,UFC Fight Night: Brunson vs. Holland,UFC Fight Night 95 - Brasilia
109,UFC Fight Night: Edwards vs. Muhammad,UFC Fight Night 96 - Lineker vs. Dodson
110,UFC 259: Blachowicz vs. Adesanya,UFC 204 - Bisping vs. Henderson 2
111,UFC Fight Night: Rozenstruik vs. Gane,UFC Mexico City
112,UFC Fight Night: Blaydes vs. Lewis,UFC 205 - New York City
113,UFC 258: Usman vs. Burns,UFC Fight Night 99 - Mousasi vs. Hall
114,UFC Fight Night: Overeem vs. Volkov,"UFC Fight Night 100
Bader vs. Nogueira 2"
115,UFC 257: Poirier vs. McGregor,UFC Fight Night 101
116,UFC Fight Night: Chiesa vs. Magny,UFC - The Ultimate Fighter 24 Finale
117,UFC Fight Night: Holloway vs. Kattar,UFC Fight Night 102 Albany
118,UFC Fight Night: Thompson vs. Neal,UFC 206
119,UFC 256: Figueiredo vs. Moreno,UFC on Fox 22
120,UFC Fight Night: Hermansson vs. Vettori,UFC 207
121,UFC Fight Night: Smith vs. Clark,UFC Fight Night 103 Rodriguez vs. Penn
122,UFC 255: Figueiredo vs. Perez,UFC on FOX 23 Shevchenko vs. Pena
123,UFC Fight Night: Felder vs. Dos Anjos,UFC FN 104 K. Zombie vs. Bermudez
124,UFC Fight Night: Santos vs. Teixeira,UFC 208
125,UFC Fight Night: Hall vs. Silva,UFC Fight Night 105 Lewis vs. Browne
126,UFC 254: Khabib vs. Gaethje,UFC 209
127,UFC Fight Night: Ortega vs. The Korean Zombie,UFC Fight Night 106 Belfort vs. Gastelum
128,UFC Fight Night: Moraes vs. Sandhagen,UFC Fight Night 107 Manuwa vs. Anderson
129,UFC Fight Night: Holm vs. Aldana,UFC 210 - Cormier vs. Johnson 2
130,UFC 253: Adesanya vs. Costa,UFC on Fox 24 -  Johnson vs Reis
131,UFC Fight Night: Covington vs. Woodley,UFC Fight Night 108 Swanson vs. Lobov
132,UFC Fight Night: Waterson vs. Hill,UFC 211 - Miocic vs. Dos Santos
133,UFC Fight Night: Overeem vs. Sakai,UFC Fight Night 109 Gustafsson Vs Teixeira
134,UFC Fight Night: Smith vs. Rakic,UFC 212 Aldo vs Holloway
135,UFC Fight Night: Munhoz vs. Edgar,UFC Fight Night 110 Hunt vs. Lewis
136,UFC 252: Miocic vs. Cormier 3,UFC Fight Night 111
137,UFC Fight Night: Lewis vs. Oleinik,UFC Fight Night 112
138,UFC Fight Night: Brunson vs. Shahbazyan,TUF Season 25 Finale
139,UFC Fight Night: Whittaker vs. Till,UFC 213
140,UFC Fight Night: Figueiredo vs. Benavidez 2,UFC Fight Night 113
141,UFC Fight Night: Kattar vs. Ige,UFC on Fox 25
142,UFC 251: Usman vs. Masvidal,UFC Fight Night Struve vs. Volkov
143,UFC Fight Night: Poirier vs. Hooker,UFC 215
144,UFC Fight Night: Blaydes vs. Volkov,UFC Fight Night 116 Rockhold vs. Branch
145,UFC Fight Night: Eye vs. Calvillo,UFC Fight Night 117 St. Preux vs. Shogun 2
146,UFC 250: Nunes vs. Spencer,UFC 216
147,UFC Fight Night: Woodley vs. Burns,UFC Fight Night 118 Gdansk
148,UFC Fight Night: Overeem vs. Harris,UFC 217
149,UFC Fight Night: Smith vs. Teixeira,UFC Fight Night 120 Virginia
150,UFC 249: Ferguson vs. Gaethje,UFC Fight Night 121 Sydney
151,UFC Fight Night: Lee vs. Oliveira,UFC Fight Night 122 Bisping vs. Gastellum
152,UFC 248: Adesanya vs. Romero,TUF 26 Finale
153,UFC Fight Night: Benavidez vs. Figueiredo,UFC Fight Night 123
154,UFC Fight Night: Felder vs. Hooker,UFC on Fox 26 Lawler vs. dos Anjos
155,UFC Fight Night: Anderson vs. Blachowicz,UFC 219
156,UFC 247: Jones vs. Reyes,UFC Fight Night 124
157,UFC Fight Night: Blaydes vs. Dos Santos,UFC 220
158,UFC 246: McGregor vs. Cowboy,UFC on Fox 27
159,UFC Fight Night: Edgar vs. The Korean Zombie,UFC Fight Night 125
160,UFC 245: Usman vs. Covington,UFC 221
161,UFC Fight Night: Overeem vs. Rozenstruik,UFC Fight Night 126
162,UFC Fight Night: Blachowicz vs. Jacare,UFC on Fox 28
163,UFC Fight Night: Zabit vs. Kattar,UFC 222
164,UFC 244: Masvidal vs. Diaz,UFC Fight Night 127
165,UFC Fight Night: Maia vs. Askren,UFC 223
166,UFC Fight Night: Reyes vs. Weidman,UFC on Fox 29
167,UFC Fight Night: Joanna vs. Waterson,UFC Fight Night 128
168,UFC 243: Whittaker vs. Adesanya,UFC 224
169,UFC Fight Night: Hermansson vs. Cannonier,UFC Fight Night 130
170,UFC Fight Night: Rodriguez vs. Stephens,UFC Fight Night 131
171,UFC Fight Night: Cowboy vs. Gaethje,UFC 225
172,UFC 242: Khabib vs. Poirier,UFC Fight Night 132
173,UFC Fight Night: Andrade vs. Zhang,TUF 27 Finale
174,UFC 241: Cormier vs. Miocic 2,UFC 226
175,UFC Fight Night: Shevchenko vs. Carmouche 2,UFC Fight Night 133
176,UFC Fight Night: Covington vs. Lawler,UFC Fight Night 134
177,UFC 240: Holloway vs. Edgar,UFC on Fox 30
178,UFC Fight Night: Dos Anjos vs. Edwards,UFC 227
179,UFC Fight Night: De Randamie vs. Ladd,UFC Fight Night 135
180,UFC 239: Jones vs. Santos,UFC 228
181,UFC Fight Night: Ngannou vs. Dos Santos,UFC FIght Night Moscow
182,UFC Fight Night: Moicano vs. The Korean Zombie,UFC Fight Night Sao Paulo
183,UFC 238: Cejudo vs. Moraes,UFC 229
184,UFC Fight Night: Gustafsson vs. Smith,UFC Fight Night 138
185,UFC Fight Night: Dos Anjos vs. Lee,UFC 230
186,UFC 237: Namajunas vs. Andrade,UFC Fight Night Denver
187,UFC Fight Night: Iaquinta vs. Cowboy,UFC Fight Night 140
188,UFC Fight Night: Jacare vs. Hermansson,UFC Fight Night 141
189,UFC Fight Night: Overeem vs. Oleinik,TUF Finale
190,UFC 236: Holloway vs. Poirier 2,UFC Fight Night 142
191,UFC Fight Night: Barboza vs. Gaethje,UFC 231
192,UFC Fight Night: Thompson vs. Pettis,UFC Fight Night Milwaukee
193,UFC Fight Night: Till vs. Masvidal,UFC 232
194,UFC Fight Night: Lewis vs. Dos Santos,UFC on ESPN+ 1
195,UFC 235: Jones vs. Smith,UFC Fight Night 144
196,UFC Fight Night: Blachowicz vs. Santos,UFC 234
197,UFC Fight Night: Ngannou vs. Velasquez,UFC on ESPN 1
198,UFC 234: Adesanya vs. Silva,UFC Fight Night 145
199,UFC Fight Night: Assuncao vs. Moraes 2,UFC 235
200,UFC Fight Night: Cejudo vs. Dillashaw,UFC Fight Night 146
201,UFC 232: Jones vs. Gustafsson 2,UFC Fight Night 147
202,UFC Fight Night: Lee vs. Iaquinta,UFC Fight Night 148
203,UFC 231: Holloway vs. Ortega,UFC on ESPN 2
204,UFC Fight Night: Dos Santos vs. Tuivasa,UFC 236
205,The Ultimate Fighter: Heavy Hitters Finale,UFC Fight Night 149
206,UFC Fight Night: Blaydes vs. Ngannou 2,UFC on ESPN 3
207,UFC Fight Night: Magny vs. Ponzinibbio,UFC Fight Night 150
208,UFC Fight Night: Korean Zombie vs. Rodriguez,UFC 237
209,UFC 230: Cormier vs. Lewis,UFC Fight Night 152
210,UFC Fight Night: Oezdemir vs. Smith,UFC Fight Night 153
211,UFC 229: Khabib vs. McGregor,UFC 238
212,UFC Fight Night: Marreta vs. Anders,UFC Fight Night 154
213,UFC Fight Night: Hunt vs. Oleinik,UFC 239
214,UFC 228: Woodley vs. Till,UFC Fight Night 155
215,UFC Fight Night: Gaethje vs. Vick,UFC on ESPN 4
216,UFC 227: Dillashaw vs. Garbrandt 2,UFC 240
217,UFC Fight Night: Alvarez vs. Poirier 2,UFC on ESPN 5
218,UFC Fight Night: Shogun vs. Smith,UFC Fight Night 156
219,UFC Fight Night: Dos Santos vs. Ivanov,UFC 241
220,UFC 226: Miocic vs. Cormier,UFC Fight Night 157
221,The Ultimate Fighter: Undefeated Finale,UFC 242
222,UFC Fight Night: Cowboy vs. Edwards,UFC Fight Night 158
223,UFC 225: Whittaker vs. Romero 2,UFC Fight Night 159
224,UFC Fight Night: Rivera vs. Moraes,UFC Fight Night 160
225,UFC Fight Night: Thompson vs. Till,UFC 243
226,UFC Fight Night: Maia vs. Usman,UFC on ESPN+ 19
227,UFC 224: Nunes vs. Pennington,UFC ESPN 6
228,UFC Fight Night: Barboza vs. Lee,UFC Fight Night 162
229,UFC Fight Night: Poirier vs. Gaethje,UFC 244
230,UFC 223: Khabib vs. Iaquinta,UFC Fight Night 163
231,UFC Fight Night: Werdum vs. Volkov,UFC Fight Night 164
232,UFC 222: Cyborg vs. Kunitskaya,UFC on ESPN 7
233,UFC Fight Night: Emmett vs. Stephens,UFC 245
234,UFC Fight Night: Cerrone vs. Medeiros,UFC Fight Night 165
235,UFC 221: Romero vs. Rockhold,UFC 246
236,UFC Fight Night: Machida vs. Anders,UFC Fight Night 166
237,UFC Fight Night: Jacare vs. Brunson 2,UFC 247
238,UFC 220: Miocic vs. Ngannou,UFC Fight Night 167
239,UFC Fight Night: Stephens vs. Choi,UFC 248
240,UFC 219: Cyborg vs. Holm,UFC Fight Night 169
241,UFC Fight Night: Lawler vs. Dos Anjos,UFC 249
242,UFC Fight Night: Swanson vs. Ortega,UFC Fight Night 170
243,UFC 218: Holloway vs. Aldo 2,UFC Fight Night 171
244,The Ultimate Fighter: A New World Champion Finale,UFC Fight Night 172
245,UFC Fight Night: Bisping vs. Gastelum,UFC 250
246,UFC Fight Night: Werdum vs. Tybura,UFC Fight Night 173
247,UFC Fight Night: Poirier vs. Pettis,UFC Fight Night 174
248,UFC 217: Bisping vs. St-Pierre,UFC Fight Night 175
249,UFC Fight Night: Brunson vs. Machida,UFC 251
250,UFC Fight Night: Cerrone vs. Till,UFC Fight Island 1
251,UFC 216: Ferguson vs. Lee,UFC Fight Island 2
252,UFC Fight Night: Saint Preux vs. Okami,UFC Fight Island 3
253,UFC Fight Night: Rockhold vs. Branch,UFC Vegas 5
254,UFC 215: Nunes vs Shevchenko 2,UFC Vegas 6
255,UFC Fight Night: Volkov vs. Struve,UFC 252
256,UFC Fight Night: Pettis vs. Moreno,UFC Vegas 7
257,UFC 214: Cormier vs. Jones 2,UFC Fight Night 182
258,UFC Fight Night: Weidman vs. Gastelum,UFC Fight Night 183
259,UFC Fight Night: Nelson vs. Ponzinibbio,UFC FN - Covington vs Woodley
260,UFC 213: Romero vs. Whittaker,UFC 253
261,The Ultimate Fighter: Redemption Finale,UFC FN - Holm vs Aldana
262,UFC Fight Night: Chiesa vs. Lee,UFC FN - Ortega vs Zombie
263,UFC Fight Night: Holm vs. Correia,UFC 254
264,UFC Fight Night: Lewis vs. Hunt,UFC Vegas 12
265,UFC 212: Aldo vs. Holloway,UFC Vegas 13
266,UFC Fight Night: Gustafsson vs. Teixeira,UFC Vegas 14
267,UFC 211: Miocic vs. Dos Santos,UFC 255
268,UFC Fight Night: Swanson vs. Lobov,UFC Vegas 15
269,UFC on FOX: Johnson vs. Reis,UFC Vegas 16
270,UFC 210: Cormier vs. Johnson 2,UFC 256
271,UFC Fight Night: Manuwa vs. Anderson,UFC Vegas 17
272,UFC Fight Night: Belfort vs. Gastelum,UFC FN
273,UFC 209: Woodley vs. Thompson 2,UFC 257
274,UFC Fight Night: Lewis vs. Browne,UFC Fight Night 185
275,UFC 208: Holm vs. De Randamie,UFC Fight Night 186
276,UFC Fight Night: Bermudez vs. The Korean Zombie,UFC 259
277,UFC on FOX: Shevchenko vs. Pena,UFC 260
278,UFC Fight Night: Rodriguez vs. Penn,UFC 262
279,UFC 207: Nunes vs. Rousey,UFC 263
280,UFC on FOX: VanZant vs. Waterson,UFC 266
281,UFC 206: Holloway vs. Pettis,UFC 267
282,UFC Fight Night: Lewis vs. Abdurakhimov,UFC Fight Night: Kattar vs. Chikadze
283,The Ultimate Fighter: Tournament of Champions Finale,UFC 270
284,UFC Fight Night: Whittaker vs. Brunson,UFC 271
285,UFC Fight Night: Bader vs. Nogueira,UFC Fight Night: Green vs. Makhachev
286,UFC Fight Night: Mousasi vs. Hall 2,UFC 272
287,UFC 205: Alvarez vs McGregor,UFC Fight Night: Santos vs. Ankalaev
288,UFC Fight Night: Dos Anjos vs. Ferguson,UFC Fight Night: Volkov vs. Aspinall
289,UFC 204: Bisping vs. Henderson,UFC 273
290,UFC Fight Night: Lineker vs. Dodson,UFC Fight Night: Luque vs. Muhammad II
291,UFC Fight Night: Cyborg vs. Lansberg,UFC Fight Night: Błachowicz vs. Rakić
292,UFC Fight Night: Poirier vs. Johnson,UFC Fight Night: Holm vs. Vieira
293,UFC 203: Miocic vs. Overeem,UFC 275
294,UFC Fight Night: Arlovski vs. Barnett,UFC Fight Night: Kattar vs. Emmett
295,UFC on FOX: Maia vs. Condit,UFC Fight Night: Tsarukyan vs. Gamrot
296,UFC 202: Diaz vs. McGregor 2,UFC 276
297,UFC Fight Night: Rodriguez vs. Caceres,UFC Fight Night: Dos Anjos vs. Fiziev
298,UFC 201: Lawler vs. Woodley,UFC Fight Night: Ortega vs. Rodriguez
299,UFC on FOX: Holm vs. Shevchenko,UFC Fight Night: Blaydes vs. Aspinall
300,UFC Fight Night: McDonald vs. Lineker,UFC 277
301,UFC 200: Tate vs Nunes,UFC Fight Night: Santos vs. Hill
302,The Ultimate Fighter: Team Joanna vs. Team Cláudia Finale,UFC 278
303,UFC Fight Night: Dos Anjos vs. Alvarez,UFC Fight Night: Gane vs. Tuivasa
304,UFC Fight Night: MacDonald vs Thompson,UFC Fight Night: Sandhagen vs. Song
305,UFC 199: Rockhold vs. Bisping 2,UFC Fight Night: Dern vs. Yan
306,UFC Fight Night: Almeida vs Garbrandt,UFC Fight Night: Grasso vs. Araujo
307,UFC 198: Werdum vs Miocic,UFC Fight Night: Kattar vs. Allen
308,UFC Fight Night: Overeem vs Arlovski,UFC Fight Night: Rodriguez vs. Lemos
309,UFC 197: Jones vs Saint Preux,UFC Fight Night: Nzechukwu vs. Cutelaba
310,UFC on FOX: Teixeira vs Evans,UFC Fight Night: Thompson vs. Holland
311,UFC Fight Night: Rothwell vs Dos Santos,UFC 282
312,UFC Fight Night: Hunt vs Mir,UFC Fight Night: Cannonier vs. Strickland
313,UFC 196: McGregor vs Diaz,UFC Fight Night: Muniz vs. Allen
314,UFC Fight Night: Silva vs Bisping,UFC 285
315,UFC Fight Night: Cowboy vs Cowboy,UFC Fight Night: Yan vs. Dvalishvili
316,UFC Fight Night: Hendricks vs Thompson,UFC 286
317,UFC on FOX: Johnson vs. Bader,UFC Fight Night: Vera vs. Sandhagen
318,UFC Fight Night: Dillashaw vs Cruz,UFC 287
319,UFC 195: Lawler vs Condit,UFC Fight Night: Holloway vs. Allen
320,UFC on FOX: Dos Anjos vs. Cowboy 2,UFC 288
321,UFC 194: Aldo vs McGregor,UFC Fight Night: Hill vs. Dern
322,The Ultimate Fighter: Team McGregor vs. Team Faber Finale,UFC Fight Night: Kara-France vs. Albazi
323,UFC Fight Night: Namajunas vs. VanZant,UFC 289
324,UFC Fight Night: Henderson vs Masvidal,UFC Fight Night: Vettori vs. Cannonier
325,UFC Fight Night: Magny vs Gastelum,UFC Fight Night: Emmett vs. Topuria
326,UFC 193: Rousey vs Holm,UFC Fight Night: Strickland vs. Magomedov
327,UFC Fight Night: Belfort vs Henderson 3,UFC 290
328,UFC Fight Night: Holohan vs Smolka,UFC Fight Night: Holm vs. Bueno Silva
329,UFC 192: Cormier vs Gustafsson,UFC Fight Night: Aspinall vs. Tybura
330,UFC Fight Night: Barnett vs Nelson,UFC 291
331,UFC 191: Johnson vs Dodson 2,UFC Fight Night: Luque vs. Dos Anjos
332,UFC Fight Night: Holloway vs Oliveira,UFC Fight Night: Holloway vs. Jung
333,UFC Fight Night: Teixeira vs Saint Preux,UFC 293
334,UFC 190: Rousey vs Correia,UFC Fight Night: Grasso vs. Shevchenko II
335,UFC on FOX: Dillashaw vs. Barao II,UFC Fight Night: Fiziev vs. Gamrot
336,UFC Fight Night: Bisping vs Leites,UFC Fight Night: Dawson vs. Green
337,UFC Fight Night: Mir vs Duffee,UFC 294
338,The Ultimate Fighter: American Top Team vs. Blackzilians Finale,UFC 295
339,UFC 189: Mendes vs McGregor,UFC Fight Night: Allen vs. Craig
340,UFC Fight Night: Machida vs Romero,
341,UFC Fight Night: Jedrzejczyk vs Penne,
342,UFC 188: Velasquez vs Werdum,
343,UFC Fight Night: Boetsch vs Henderson,
344,UFC Fight Night: Condit vs Alves,
345,UFC 187: Johnson vs Cormier,
346,UFC Fight Night: Edgar vs Faber,
347,UFC Fight Night: Miocic vs Hunt,
348,UFC 186: Johnson vs Horiguchi,
349,UFC on FOX: Machida vs Rockhold,
350,UFC Fight Night: Gonzaga vs Cro Cop 2,
351,UFC Fight Night: Mendes vs Lamas,
352,UFC Fight Night: Maia vs LaFlare,
353,UFC 185: Pettis vs Dos Anjos,
354,UFC 184: Rousey vs Zingano,
355,UFC Fight Night: Bigfoot vs Mir,
356,UFC Fight Night: Henderson vs Thatch,
357,UFC 183: Silva vs Diaz,
358,UFC on FOX: Gustafsson vs Johnson,
359,UFC Fight Night: McGregor vs Siver,
360,UFC 182: Jones vs Cormier,
361,UFC Fight Night: Machida vs Dollaway,
362,UFC on FOX: Dos Santos vs Miocic,
363,The Ultimate Fighter: A Champion Will Be Crowned Finale,
364,UFC 181: Hendricks vs Lawler II,
365,UFC Fight Night: Edgar vs Swanson,
366,UFC 180: Werdum vs Hunt,
367,UFC Fight Night 56: Shogun vs Saint Preux,
368,UFC Fight Night: Rockhold vs Bisping,
369,UFC 179: Aldo vs Mendes 2,
370,UFC Fight Night: MacDonald vs Saffiedine,
371,UFC Fight Night: Nelson vs Story,
372,UFC 178: Johnson vs Cariaso,
373,UFC Fight Night: Hunt vs Nelson,
374,UFC Fight Night: Bigfoot vs Arlovski,
375,UFC Fight Night: Jacare vs Mousasi,
376,UFC 177: Dillashaw vs Soto,
377,UFC Fight Night: Henderson vs Dos Anjos,
378,UFC Fight Night: Bisping vs Le,
379,UFC Fight Night: Bader vs Saint Preux,
380,UFC on FOX: Lawler vs Brown,
381,UFC Fight Night: McGregor vs Brandao,
382,UFC Fight Night: Cowboy vs Miller,
383,The Ultimate Fighter: Team Edgar vs. Team Penn Finale,
384,UFC 175: Weidman vs Machida,
385,UFC Fight Night: Swanson vs Stephens,
386,UFC Fight Night: Te Huna vs Marquardt,
387,UFC 174: Johnson vs Bagautinov,
388,UFC Fight Night: Henderson vs Khabilov,
389,UFC Fight Night: Miocic vs Maldonado,
390,UFC Fight Night: Munoz vs Mousasi,
391,UFC 173: Barao vs Dillashaw,
392,UFC Fight Night: Brown vs Silva,
393,UFC 172: Jones vs Teixeira,
394,UFC on FOX: Werdum vs Browne,
395,UFC Fight Night: Bisping vs Kennedy,
396,UFC Fight Night: Minotauro vs Nelson,
397,UFC Fight Night: Shogun vs Henderson 2,
398,UFC 171: Hendricks vs Lawler,
399,UFC Fight Night: Gustafsson vs Manuwa,
400,UFC Fight Night: Kim vs Hathaway,
401,UFC 170: Rousey vs McMann,
402,UFC Fight Night: Machida vs Mousasi,
403,UFC 169: Barao vs Faber 2,
404,UFC on FOX: Henderson vs Thomson,
405,UFC Fight Night: Rockhold vs Philippou,
406,UFC Fight Night: Saffiedine vs Lim,
407,UFC 168: Weidman vs Silva 2,
408,UFC on FOX: Johnson vs. Benavidez 2,
409,UFC Fight Night: Hunt vs Bigfoot,
410,The Ultimate Fighter: Team Rousey vs. Team Tate Finale,
411,UFC 167: St-Pierre vs Hendricks,
412,UFC Fight Night: Belfort vs Henderson 2,
413,UFC Fight Night: Fight for the Troops 3,
414,UFC Fight Night: Machida vs Munoz,
415,UFC 166: Velasquez vs Dos Santos 3,
416,UFC Fight Night: Maia vs Shields,
417,UFC 165: Jones vs Gustafsson,
418,UFC Fight Night: Teixeira vs Bader,
419,UFC 164: Henderson vs Pettis 2,
420,UFC Fight Night: Condit vs Kampmann 2,
421,UFC Fight Night: Shogun vs Sonnen,
422,UFC 163: Aldo vs Jung,
423,UFC on FOX: Johnson vs Moraga,
424,UFC 162: Silva vs Weidman,
425,UFC 161: Evans vs Henderson,
426,UFC on FUEL TV: Nogueira vs. Werdum,
427,UFC 160: Velasquez vs Silva 2,
428,UFC on FX: Belfort vs. Rockhold,
429,UFC 159: Jones vs Sonnen,
430,UFC on FOX: Henderson vs Melendez,
431,The Ultimate Fighter: Team Jones vs. Team Sonnen Finale,
432,UFC on FUEL TV: Mousasi vs Latifi,
433,UFC 158: St-Pierre vs Diaz,
434,UFC on FUEL TV: Silva vs. Stann,
435,UFC 157: Rousey vs Carmouche,
436,UFC on FUEL TV: Barao vs McDonald,
437,UFC 156: Aldo vs Edgar,
438,UFC on FOX: Johnson vs Dodson,
439,UFC on FX: Belfort vs Bisping,
440,UFC 155: Dos Santos vs Velasquez II,
441,The Ultimate Fighter: Team Carwin vs. Team Nelson Finale,
442,UFC on FX: Sotiropoulos vs Pearson,
443,UFC on FOX: Henderson vs Diaz,
444,UFC 154: St-Pierre vs Condit,
445,UFC Macao: Franklin vs Le,
446,UFC 153: Silva vs Bonnar,
447,UFC on FX: Browne vs Bigfoot,
448,UFC on FUEL TV: Struve vs Miocic,
449,UFC 152: Jones vs Belfort,
450,UFC 150: Henderson vs Edgar II,
451,UFC on FOX: Shogun vs Vera,
452,UFC 149: Faber vs Barao,
453,UFC on FUEL TV: Munoz vs Weidman,
454,UFC 148: Silva vs Sonnen 2,
455,UFC 147: Silva vs Franklin 2,
456,UFC on FX: Maynard vs Guida,
457,UFC on FX: Johnson vs McCall,
458,The Ultimate Fighter: Live Finale,
459,UFC 146: Dos Santos vs Mir,
460,UFC on FUEL TV: Korean Zombie vs Poirier,
461,UFC on FOX: Diaz vs Miller,
462,UFC 145: Jones vs Evans,
463,UFC on FUEL TV: Gustafsson vs Silva,
464,UFC on FX: Alves vs Kampmann,
465,UFC 144: Edgar vs Henderson,
466,UFC on FUEL TV: Sanchez vs Ellenberger,
467,UFC 143: Diaz vs Condit,
468,UFC on FOX: Evans vs Davis,
469,UFC on FX: Guillard vs Miller,
470,UFC 142: Aldo vs Mendes,
471,UFC 141: Lesnar vs Overeem,
472,UFC 140: Jones vs Machida,
473,The Ultimate Fighter: Team Bisping vs Team Miller Finale,
474,UFC 139: Shogun vs Henderson,
475,UFC on FOX: Velasquez vs Dos Santos,
476,UFC 138: Leben vs Munoz,
477,UFC 137: Penn vs Diaz,
478,UFC 136: Edgar vs Maynard 3,
479,UFC Live: Cruz vs Johnson,
480,UFC 135: Jones vs Rampage,
481,UFC Fight Night: Shields vs Ellenberger,
482,UFC 134: Silva vs Okami,
483,UFC Live: Hardy vs Lytle,
484,UFC 133: Evans vs Ortiz 2,
485,UFC 132: Cruz vs Faber,
486,UFC Live: Kongo vs Barry,
487,UFC 131: Dos Santos vs Carwin,
488,The Ultimate Fighter: Team Lesnar vs Team dos Santos Finale,
489,UFC 130: Rampage vs Hamill,
490,UFC 129: St-Pierre vs Shields,
491,UFC Fight Night: Nogueira vs Davis,
492,UFC 128: Shogun vs Jones,
493,UFC Live: Sanchez vs Kampmann,
494,UFC 127: Penn vs Fitch,
495,UFC 126: Silva vs Belfort,
496,UFC Fight Night: Fight for the Troops 2,
497,UFC 125: Resolution,
498,UFC 124: St-Pierre vs Koscheck 2,
499,The Ultimate Fighter: Team GSP vs Team Koscheck Finale,
500,UFC 123: Rampage vs Machida,
501,UFC 122: Marquardt vs Okami,
502,UFC 121: Lesnar vs Velasquez,
503,UFC 120: Bisping vs Akiyama,
504,UFC 119: Mir vs Cro Cop,
505,UFC Fight Night: Marquardt vs Palhares,
506,UFC 118: Edgar vs Penn 2,
507,UFC 117: Silva vs Sonnen,
508,UFC Live: Jones vs Matyushenko,
509,UFC 116: Lesnar vs Carwin,
510,The Ultimate Fighter: Team Liddell vs Team Ortiz Finale,
511,UFC 115: Liddell vs Franklin,
512,UFC 114: Rampage vs Evans,
513,UFC 113: Machida vs Shogun 2,
514,UFC 112: Invincible,
515,UFC Fight Night: Florian vs Gomi,
516,UFC 111: St-Pierre vs Hardy,
517,UFC Live: Vera vs Jones,
518,UFC 110: Nogueira vs Velasquez,
519,UFC 109: Relentless,
520,UFC Fight Night: Maynard vs Diaz,
521,UFC 108: Evans vs Silva,
522,UFC 107: Penn vs Sanchez,
523,The Ultimate Fighter: Heavyweights Finale,
524,UFC 106: Ortiz vs Griffin 2,
525,UFC 105: Couture vs Vera,
526,UFC 104: Machida vs Shogun,
527,UFC 103: Franklin vs Belfort,
528,UFC Fight Night: Diaz vs Guillard,
529,UFC 102: Couture vs Nogueira,
530,UFC 101: Declaration,
531,UFC 100,
532,The Ultimate Fighter: United States vs. United Kingdom Finale,
533,UFC 99: The Comeback,
534,UFC 98: Evans vs Machida,
535,UFC 97: Redemption,
536,UFC Fight Night: Condit vs Kampmann,
537,UFC 96: Jackson vs Jardine,
538,UFC 95: Sanchez vs Stevenson,
539,UFC Fight Night: Lauzon vs Stephens,
540,UFC 94: St-Pierre vs Penn 2,
541,UFC 93: Franklin vs Henderson,
542,UFC 92: The Ultimate 2008,
543,The Ultimate Fighter: Team Nogueira vs. Team Mir Finale,
544,UFC Fight Night - Fight for the Troops,
545,UFC 91: Couture vs Lesnar,
546,UFC 90: Silva vs Cote,
547,UFC 89: Bisping vs Leben,
548,UFC Fight Night: Diaz vs Neer,
549,UFC 88: Breakthrough,
550,UFC 87: Seek And Destroy,
551,UFC: Silva vs Irvin,
552,UFC 86: Jackson vs Griffin,
553,The Ultimate Fighter: Team Rampage vs Team Forrest Finale,
554,UFC 85: Bedlam,
555,UFC 84: Ill Will,
556,UFC 83: Serra vs St-Pierre 2,
557,UFC Fight Night: Florian vs Lauzon,
558,UFC 82: Pride of a Champion,
559,UFC 81: Breaking Point,
560,UFC Fight Night: Swick vs Burkman,
561,UFC 80: Rapid Fire,
562,UFC 79: Nemesis,
563,The Ultimate Fighter: Team Hughes vs. Team Serra Finale,
564,UFC 78: Validation,
565,UFC 77: Hostile Territory,
566,UFC 76: Knockout,
567,UFC Fight Night: Thomas vs Florian,
568,UFC 75: Champion vs Champion,
569,UFC 74: Respect,
570,UFC 73: Stacked,
571,The Ultimate Fighter: Team Pulver vs. Team Penn Finale,
572,UFC 72: Victory,
573,UFC Fight Night: Stout vs Fisher,
574,UFC 71: Liddell vs Jackson,
575,UFC 70: Nations Collide,
576,UFC 69: Shootout,
577,UFC Fight Night: Stevenson vs Guillard,
578,UFC 68: The Uprising,
579,UFC 67: All or Nothing,
580,UFC Fight Night: Evans vs Salmon,
581,UFC 66: Liddell vs Ortiz 2,
582,UFC Fight Night: Sanchez vs Riggs,
583,UFC 65: Bad Intentions,
584,The Ultimate Fighter: The Comeback Finale,
585,UFC 64: Unstoppable,
586,Ortiz vs Shamrock 3: The Final Chapter,
587,UFC 63: Hughes vs Penn,
588,UFC 62: Liddell vs Sobral,
589,UFC Fight Night 6,
590,UFC 61: Bitter Rivals,
591,UFC Fight Night 5,
592,The Ultimate Fighter: Team Ortiz vs. Team Shamrock Finale,
593,UFC 60: Hughes vs Gracie,
594,UFC 59: Reality Check,
595,UFC Fight Night 4,
596,UFC 58: USA vs Canada,
597,UFC 57: Liddell vs Couture 3,
598,UFC Fight Night 3,
599,UFC 56: Full Force,
600,The Ultimate Fighter: Team Hughes vs. Team Franklin Finale,
601,UFC 55: Fury,
602,UFC Fight Night 2,
603,UFC 54: Boiling Point,
604,UFC Fight Night 1,
605,UFC 53: Heavy Hitters,
606,UFC 52: Couture vs Liddell 2,
607,The Ultimate Fighter: Team Couture vs. Team Liddell Finale,
608,UFC 51: Super Saturday,
609,UFC 50: The War Of '04,
610,UFC 49: Unfinished Business,
611,UFC 48: Payback,
612,UFC 47: It's On!,
613,UFC 46: Supernatural,
614,UFC 45: Revolution,
615,UFC 44: Undisputed,
616,UFC 43: Meltdown,
617,UFC 42: Sudden Impact,
618,UFC 41: Onslaught,
619,UFC 40: Vendetta,
620,UFC 39: The Warriors Return,
621,UFC 38: Brawl at the Hall,
622,UFC 37.5: As Real As It Gets,
623,UFC 37: High Impact,
624,UFC 36: Worlds Collide,
625,UFC 35: Throwdown,
626,UFC 34: High Voltage,
627,UFC 33: Victory in Vegas,
628,UFC 32: Showdown in the Meadowlands,
629,UFC 31: Locked and Loaded,
630,UFC 30: Battle on the Boardwalk,
631,UFC 29: Defense of the Belts,
632,UFC 28: High Stakes,
633,UFC 27: Ultimate Bad Boyz,
634,UFC 26: Ultimate Field Of Dreams,
635,UFC 25: Ultimate Japan 3,
636,UFC 24: First Defense,
637,UFC 23: Ultimate Japan 2,
638,UFC 22: Only One Can be Champion,
639,UFC 21: Return of the Champions,
640,UFC 20: Battle for the Gold,
641,UFC 19: Ultimate Young Guns,
642,UFC 18: The Road to the Heavyweight Title,
643,UFC - Ultimate Brazil,
644,UFC 17: Redemption,
645,UFC 16: Battle in the Bayou,
646,UFC - Ultimate Japan,
647,UFC 15: Collision Course,
648,UFC 14: Showdown,
649,UFC 13: The Ultimate Force,
650,UFC 12: Judgement Day,
651,UFC - Ultimate Ultimate '96,
652,UFC 11: The Proving Ground,
653,UFC 10: The Tournament,
654,UFC 9: Motor City Madness,
655,UFC 8: David vs Goliath,
656,UFC - Ultimate Ultimate '95,
657,UFC 7: The Brawl in Buffalo,
658,UFC 6: Clash of the Titans,
659,UFC 5: The Return of the Beast,
660,UFC 4: Revenge of the Warriors,
661,UFC 3: The American Dream,
662,UFC 2: No Way Out,
